{
	"credit": "Made with Blockbench",
	"texture_size": [64, 64],
	"textures": {
		"1": "item/chicken/chicken",
		"2": "item/card/2022",
		"3": "item/chickenjockey/chicken_jockey_nameplate",
		"5": "item/zombie/zombie",
		"7": "item/card/front_bg",
		"8": "item/card/front_field",
		"particle": "particle/card/2022"
	},
	"elements": [
		{
			"name": "card",
			"from": [5.5, 0, 8],
			"to": [10.5, 7, 8.01],
			"rotation": {"angle": 0, "axis": "y", "origin": [7.93679, 3.56173, 8.42429]},
			"faces": {
				"north": {"uv": [0, 0, 16, 16], "texture": "#2"},
				"east": {"uv": [11, 0, 12, 15.75], "texture": "#8"},
				"south": {"uv": [0, 0, 11.25, 15.75], "texture": "#8"},
				"west": {"uv": [0, 0, 1, 15.75], "texture": "#8"},
				"up": {"uv": [0, 0, 11.25, 1], "texture": "#8"},
				"down": {"uv": [0, 14.75, 11.25, 15.75], "texture": "#8"}
			}
		},
		{
			"name": "art_bg",
			"from": [6, 2.5, 8.01],
			"to": [10, 6.5, 8.06],
			"rotation": {"angle": 0, "axis": "y", "origin": [7.93679, 3.56173, 8.42429]},
			"faces": {
				"east": {"uv": [15, 0, 16, 16], "texture": "#7"},
				"south": {"uv": [0, 0, 16, 16], "texture": "#7"},
				"west": {"uv": [0, 0, 1.042, 16], "texture": "#7"},
				"up": {"uv": [0, 0, 16, 1], "texture": "#7"},
				"down": {"uv": [0, 15, 16, 16], "texture": "#7"}
			}
		},
		{
			"name": "border_bottom",
			"from": [5.5, 0, 8.01],
			"to": [10.5, 0.444, 8.06],
			"rotation": {"angle": 0, "axis": "y", "origin": [7.93679, 3.56173, 8.42429]},
			"faces": {
				"east": {"uv": [15.625, 15.625, 16, 16], "texture": "#8"},
				"south": {"uv": [0, 15.625, 16, 16], "texture": "#8"},
				"west": {"uv": [0, 15.625, 0.375, 16], "texture": "#8"},
				"up": {"uv": [0, 15.625, 16, 16], "rotation": 180, "texture": "#8"},
				"down": {"uv": [0, 15.625, 16, 16], "rotation": 180, "texture": "#8"}
			}
		},
		{
			"name": "border_top",
			"from": [5.5, 6.555, 8.01],
			"to": [10.5, 6.999, 8.06],
			"rotation": {"angle": 0, "axis": "y", "origin": [7.93679, 3.56173, 8.42429]},
			"faces": {
				"east": {"uv": [11, 0, 12, 1], "texture": "#8"},
				"south": {"uv": [0, 0, 11.25, 1], "texture": "#8"},
				"west": {"uv": [0, 0, 1, 1], "texture": "#8"},
				"up": {"uv": [0, 0, 11.25, 1], "texture": "#8"},
				"down": {"uv": [0, 0, 11.25, 1], "texture": "#8"}
			}
		},
		{
			"name": "border_left",
			"from": [5.5, 0.444, 8.01],
			"to": [5.944, 6.556, 8.06],
			"rotation": {"angle": 0, "axis": "y", "origin": [7.93679, 3.56173, 8.42429]},
			"faces": {
				"east": {"uv": [11, 1, 12, 14.75], "texture": "#8"},
				"south": {"uv": [10.25, 1, 11.25, 14.75], "texture": "#8"},
				"west": {"uv": [10, 1, 11, 14.75], "texture": "#8"},
				"up": {"uv": [0, 0, 0, 0], "texture": "#8"},
				"down": {"uv": [0, 0, 0, 0], "texture": "#8"}
			}
		},
		{
			"name": "border_right",
			"from": [10.056, 0.444, 8.01],
			"to": [10.5, 6.556, 8.06],
			"rotation": {"angle": 0, "axis": "y", "origin": [7.93679, 3.56173, 8.42429]},
			"faces": {
				"east": {"uv": [0, 1, 1, 14.75], "texture": "#8"},
				"south": {"uv": [0, 1, 1, 14.75], "texture": "#8"},
				"west": {"uv": [0, 0, 0, 13.75], "texture": "#8"},
				"up": {"uv": [0, 1, 1, 2], "texture": "#8"},
				"down": {"uv": [0, 13.75, 1, 14.75], "texture": "#8"}
			}
		},
		{
			"name": "nameplate",
			"from": [6, 0.55, 8.01],
			"to": [10, 2.35, 8.06],
			"rotation": {"angle": 0, "axis": "y", "origin": [7.93679, 3.56173, 8.42429]},
			"faces": {
				"east": {"uv": [15.5, 0, 16, 16], "texture": "#3"},
				"south": {"uv": [0, 0, 16, 16], "texture": "#3"},
				"west": {"uv": [0, 0, 0.69565, 16], "texture": "#3"},
				"up": {"uv": [0, 0, 16, 0.67391], "texture": "#3"},
				"down": {"uv": [0, 15.32609, 16, 16], "texture": "#3"}
			}
		},
		{
			"name": "waddle",
			"from": [7.58, 2.445, 9.18],
			"to": [8.08, 2.945, 9.43],
			"rotation": {"angle": 0, "axis": "x", "origin": [7.93679, 3.56173, 8.42429]},
			"faces": {
				"east": {"uv": [5, 3, 5.5, 4], "texture": "#1"},
				"south": {"uv": [4, 3, 5, 4], "texture": "#1"},
				"west": {"uv": [3.5, 3, 4, 4], "texture": "#1"},
				"up": {"uv": [5, 3, 4, 2.5], "texture": "#1"},
				"down": {"uv": [5, 2, 4, 2.5], "texture": "#1"}
			}
		},
		{
			"name": "beak",
			"from": [7.33, 2.945, 9.17],
			"to": [8.33, 3.445, 9.67],
			"rotation": {"angle": 0, "axis": "x", "origin": [7.93679, 3.56173, 8.42429]},
			"faces": {
				"east": {"uv": [5, 1, 5.5, 2], "texture": "#1"},
				"south": {"uv": [4, 1, 5, 2], "texture": "#1"},
				"west": {"uv": [3.5, 1, 4, 2], "texture": "#1"},
				"up": {"uv": [4, 0, 5, 1], "texture": "#1"},
				"down": {"uv": [6, 0, 5, 1], "texture": "#1"}
			}
		},
		{
			"name": "head",
			"from": [7.33, 2.45019, 8.54],
			"to": [8.33, 3.95019, 9.23],
			"rotation": {"angle": 0, "axis": "x", "origin": [7.93679, 3.56173, 8.42429]},
			"faces": {
				"east": {"uv": [1.75, 1.5, 2.25, 4.5], "texture": "#1"},
				"south": {"uv": [0.75, 1.5, 1.75, 4.5], "texture": "#1"},
				"west": {"uv": [0, 1.5, 0.75, 4.5], "texture": "#1"},
				"up": {"uv": [1.75, 1.5, 0.75, 1], "texture": "#1"},
				"down": {"uv": [2.75, 1, 1.75, 1.5], "texture": "#1"}
			}
		},
		{
			"name": "head",
			"from": [6.9, 4.475, 8.06],
			"to": [8.9, 6.475, 8.56],
			"rotation": {"angle": 0, "axis": "x", "origin": [7.93679, 3.56173, 8.42429]},
			"faces": {
				"east": {"uv": [4, 2, 6, 4], "texture": "#5"},
				"south": {"uv": [2, 2, 4, 4], "texture": "#5"},
				"west": {"uv": [0, 2, 2, 4], "texture": "#5"},
				"up": {"uv": [2, 0, 4, 2], "texture": "#5"},
				"down": {"uv": [4, 0, 6, 2], "texture": "#5"}
			}
		},
		{
			"name": "body",
			"from": [6.9, 2.45, 8.06],
			"to": [8.9, 4.45, 8.56],
			"rotation": {"angle": 0, "axis": "x", "origin": [7.93679, 3.56173, 8.42429]},
			"faces": {
				"east": {"uv": [7, 5, 8, 8], "texture": "#5"},
				"south": {"uv": [8, 5, 10, 8], "texture": "#5"},
				"west": {"uv": [4, 5, 5, 8], "texture": "#5"},
				"up": {"uv": [5, 4, 7, 5], "texture": "#5"},
				"down": {"uv": [7, 4, 9, 5], "texture": "#5"}
			}
		},
		{
			"name": "right-arm",
			"from": [6.62164, 3.925, 8.52783],
			"to": [7.12164, 4.425, 9.90283],
			"rotation": {"angle": -22.5, "axis": "y", "origin": [7.93679, 3.56173, 8.42429]},
			"faces": {
				"east": {"uv": [12.9375, 5.5, 12, 8], "rotation": 90, "texture": "#5"},
				"south": {"uv": [12, 5, 13, 4], "texture": "#5"},
				"west": {"uv": [10, 5.5, 10.9375, 8], "rotation": 270, "texture": "#5"},
				"up": {"uv": [11, 5.5, 12, 8], "texture": "#5"},
				"down": {"uv": [13, 5.5, 14, 8], "rotation": 180, "texture": "#5"}
			}
		},
		{
			"name": "left-arm",
			"from": [8.70706, 3.95, 8.50924],
			"to": [9.20706, 4.45, 9.88424],
			"rotation": {"angle": 22.5, "axis": "y", "origin": [7.93679, 3.56173, 8.42429]},
			"faces": {
				"east": {"uv": [12, 5.5, 12.9375, 8], "rotation": 90, "texture": "#5"},
				"south": {"uv": [13, 5, 12, 4], "texture": "#5"},
				"west": {"uv": [10, 5.5, 10.9375, 8], "rotation": 270, "texture": "#5"},
				"up": {"uv": [12, 5.5, 11, 8], "texture": "#5"},
				"down": {"uv": [13, 5.5, 14, 8], "rotation": 180, "texture": "#5"}
			}
		}
	],
	"display": {
		"thirdperson_righthand": {
			"translation": [0, 8, 1.75]
		},
		"thirdperson_lefthand": {
			"translation": [0, 8, 1.75]
		},
		"firstperson_righthand": {
			"rotation": [-15, 0, 0],
			"translation": [0, 9, 0]
		},
		"firstperson_lefthand": {
			"rotation": [-15, 0, 0],
			"translation": [0, 9, 0]
		},
		"ground": {
			"translation": [0, 8, 0],
			"scale": [1.5, 1.5, 1.5]
		},
		"gui": {
			"translation": [0.25, 9, 0],
			"scale": [2, 2, 2]
		},
		"head": {
			"rotation": [0, -180, 0],
			"translation": [0, 14.75, -6.5],
			"scale": [1.5, 1.5, 1.5]
		},
		"fixed": {
			"rotation": [0, -180, 0],
			"translation": [0, 11.5, -1.75],
			"scale": [2.5, 2.5, 2.5]
		}
	},
	"groups": [
		{
			"name": "base",
			"origin": [15, 10, 15.25],
			"color": 0,
			"nbt": "{}",
			"armAnimationEnabled": false,
			"children": [
				0,
				1,
				2,
				3,
				4,
				5,
				6,
				{
					"name": "subject",
					"origin": [0, 23, 0],
					"color": 0,
					"nbt": "{}",
					"armAnimationEnabled": false,
					"children": [
						{
							"name": "chicken",
							"origin": [8, 3.52352, 8.11667],
							"color": 0,
							"nbt": "{}",
							"armAnimationEnabled": false,
							"children": [7, 8, 9]
						},
						{
							"name": "Zombie",
							"origin": [0, 23, 0],
							"color": 0,
							"nbt": "{}",
							"armAnimationEnabled": false,
							"children": [10, 11, 12, 13]
						}
					]
				}
			]
		}
	]
}