{
	"credit": "Created by Isaac LePes",
	"texture_size": [64, 64],
	"textures": {
		"2": "item/card/2022",
		"4": "item/card/front_field",
		"5": "item/rabbit/gold",
		"6": "item/rabbit/gold_nameplate",
		"7": "item/card/front_bg",
		"particle": "particle/card/2022"
	},
	"elements": [
		{
			"name": "card",
			"from": [5.5, 0, 8],
			"to": [10.5, 7, 8.01],
			"rotation": {"angle": 0, "axis": "y", "origin": [2.48864, 3.729, 0.22845]},
			"faces": {
				"north": {"uv": [0, 0, 11.25, 15.75], "texture": "#2"},
				"east": {"uv": [11, 0, 12, 15.75], "texture": "#4"},
				"south": {"uv": [0, 0, 11.25, 15.75], "texture": "#4"},
				"west": {"uv": [0, 0, 1, 15.75], "texture": "#4"},
				"up": {"uv": [0, 0, 11.25, 1], "texture": "#4"},
				"down": {"uv": [0, 14.75, 11.25, 15.75], "texture": "#4"}
			}
		},
		{
			"name": "art_bg",
			"from": [6, 2.5, 8.01],
			"to": [10, 6.5, 8.06],
			"rotation": {"angle": 0, "axis": "y", "origin": [2.48864, 3.729, 0.22845]},
			"faces": {
				"east": {"uv": [15, 0, 16, 16], "texture": "#7"},
				"south": {"uv": [0, 0, 16, 16], "texture": "#7"},
				"west": {"uv": [0, 0, 1.042, 16], "texture": "#7"},
				"up": {"uv": [0, 0, 16, 1], "texture": "#7"},
				"down": {"uv": [0, 15, 16, 16], "texture": "#7"}
			}
		},
		{
			"name": "border_bottom",
			"from": [5.5, 0, 8.01],
			"to": [10.5, 0.444, 8.06],
			"rotation": {"angle": 0, "axis": "y", "origin": [2.48864, 3.729, 0.22845]},
			"faces": {
				"east": {"uv": [15.625, 15.625, 16, 16], "texture": "#4"},
				"south": {"uv": [0, 15.625, 16, 16], "texture": "#4"},
				"west": {"uv": [0, 15.625, 0.375, 16], "texture": "#4"},
				"up": {"uv": [0, 15.625, 16, 16], "rotation": 180, "texture": "#4"},
				"down": {"uv": [0, 15.625, 16, 16], "rotation": 180, "texture": "#4"}
			}
		},
		{
			"name": "border_top",
			"from": [5.5, 6.555, 8.01],
			"to": [10.5, 6.999, 8.06],
			"rotation": {"angle": 0, "axis": "y", "origin": [2.48864, 3.729, 0.22845]},
			"faces": {
				"east": {"uv": [11, 0, 12, 1], "texture": "#4"},
				"south": {"uv": [0, 0, 11.25, 1], "texture": "#4"},
				"west": {"uv": [0, 0, 1, 1], "texture": "#4"},
				"up": {"uv": [0, 0, 11.25, 1], "texture": "#4"},
				"down": {"uv": [0, 0, 11.25, 1], "texture": "#4"}
			}
		},
		{
			"name": "border_left",
			"from": [5.5, 0.444, 8.01],
			"to": [5.944, 6.556, 8.06],
			"rotation": {"angle": 0, "axis": "y", "origin": [2.48864, 3.729, 0.22845]},
			"faces": {
				"east": {"uv": [11, 1, 12, 14.75], "texture": "#4"},
				"south": {"uv": [10.25, 1, 11.25, 14.75], "texture": "#4"},
				"west": {"uv": [10, 1, 11, 14.75], "texture": "#4"}
			}
		},
		{
			"name": "border_right",
			"from": [10.056, 0.444, 8.01],
			"to": [10.5, 6.556, 8.06],
			"rotation": {"angle": 0, "axis": "y", "origin": [2.48864, 3.729, 0.22845]},
			"faces": {
				"east": {"uv": [0, 1, 1, 14.75], "texture": "#4"},
				"south": {"uv": [0, 1, 1, 14.75], "texture": "#4"},
				"west": {"uv": [0, 0, 0, 13.75], "texture": "#4"},
				"up": {"uv": [0, 1, 1, 2], "texture": "#4"},
				"down": {"uv": [0, 13.75, 1, 14.75], "texture": "#4"}
			}
		},
		{
			"name": "nameplate",
			"from": [6, 0.55, 8.01],
			"to": [10, 2.35, 8.06],
			"rotation": {"angle": 0, "axis": "y", "origin": [2.48864, 3.729, 0.22845]},
			"faces": {
				"east": {"uv": [15.5, 0, 16, 16], "texture": "#6"},
				"south": {"uv": [0, 0, 16, 16], "texture": "#6"},
				"west": {"uv": [0, 0, 0.69565, 16], "texture": "#6"},
				"up": {"uv": [0, 0, 16, 0.67391], "texture": "#6"},
				"down": {"uv": [0, 15.32609, 16, 16], "texture": "#6"}
			}
		},
		{
			"name": "head",
			"from": [6.5, 2.97478, 8.0432],
			"to": [9.5, 5.47478, 11.0432],
			"rotation": {"angle": 0, "axis": "y", "origin": [8.01434, -0.19622, 13.2506]},
			"faces": {
				"north": {"uv": [0, 0, 0, 0], "texture": "#5"},
				"east": {"uv": [10.5, 2.5, 11, 4.5], "texture": "#5"},
				"south": {"uv": [9.25, 2.5, 10.5, 4.5], "texture": "#5"},
				"west": {"uv": [8.75, 2.5, 9.25, 4.5], "texture": "#5"},
				"up": {"uv": [9.25, 1, 10.5, 2.5], "texture": "#5"},
				"down": {"uv": [10.5, 1, 11.75, 2.5], "texture": "#5"}
			}
		},
		{
			"name": "ear_left",
			"from": [8.3, 5.485, 8.16],
			"to": [9.5, 8.485, 8.49],
			"rotation": {"angle": -22.5, "axis": "y", "origin": [8.54, 6.56, 8.215]},
			"faces": {
				"north": {"uv": [15.5, 0.5, 16, 3], "texture": "#5"},
				"east": {"uv": [15.25, 0.5, 15.5, 3], "texture": "#5"},
				"south": {"uv": [14.75, 0.5, 15.25, 3], "texture": "#5"},
				"west": {"uv": [14.5, 0.5, 14.75, 3], "texture": "#5"},
				"up": {"uv": [14.75, 0, 15.25, 0.5], "texture": "#5"},
				"down": {"uv": [15.25, 0, 15.75, 0.5], "texture": "#5"}
			}
		},
		{
			"name": "ear_right",
			"from": [6.5, 5.485, 8.16],
			"to": [7.7, 8.485, 8.49],
			"rotation": {"angle": 22.5, "axis": "y", "origin": [7.46, 6.56, 8.215]},
			"faces": {
				"north": {"uv": [15.5, 0.5, 16, 3], "texture": "#5"},
				"east": {"uv": [13.75, 0.5, 14, 3], "texture": "#5"},
				"south": {"uv": [13.25, 0.5, 13.75, 3], "texture": "#5"},
				"west": {"uv": [13, 0.5, 13.25, 3], "texture": "#5"},
				"up": {"uv": [13.75, 0.5, 14.25, 0], "texture": "#5"},
				"down": {"uv": [14.25, 0, 14.75, 0.5], "texture": "#5"}
			}
		},
		{
			"name": "nose",
			"from": [7.705, 3.925, 11.04],
			"to": [8.305, 4.525, 11.29],
			"rotation": {"angle": 0, "axis": "y", "origin": [8, -0.66, 9.08]},
			"faces": {
				"east": {"uv": [8.5, 5, 8.75, 5.5], "texture": "#5"},
				"south": {"uv": [8.25, 5, 8.5, 5.5], "texture": "#5"},
				"west": {"uv": [8, 5, 8.25, 5.5], "texture": "#5"},
				"up": {"uv": [8.5, 5, 8.25, 4.5], "texture": "#5"},
				"down": {"uv": [8.75, 4.5, 8.5, 5], "texture": "#5"}
			}
		}
	],
	"display": {
		"thirdperson_righthand": {
			"translation": [0, 8, 1.75]
		},
		"thirdperson_lefthand": {
			"translation": [0, 8, 1.75]
		},
		"firstperson_righthand": {
			"rotation": [-15, 0, 0],
			"translation": [0, 9, 0]
		},
		"firstperson_lefthand": {
			"rotation": [-15, 0, 0],
			"translation": [0, 9, 0]
		},
		"ground": {
			"translation": [0, 8, 0]
		},
		"gui": {
			"translation": [0.25, 9.9, 0],
			"scale": [2.2, 2.2, 2.2]
		},
		"head": {
			"rotation": [0, -180, 0],
			"translation": [0, 14.75, -6.5],
			"scale": [1.5, 1.5, 1.5]
		},
		"fixed": {
			"rotation": [0, -180, 0],
			"translation": [0, 11.5, -1.75],
			"scale": [2.5, 2.5, 2.5]
		}
	},
	"groups": [
		{
			"name": "base",
			"origin": [15, 10, 15.25],
			"color": 0,
			"children": [
				0,
				1,
				2,
				3,
				4,
				5,
				6,
				{
					"name": "subject",
					"origin": [0, 23, 0],
					"color": 0,
					"children": [7, 8, 9, 10]
				}
			]
		}
	]
}