{
	"credit": "Created by Isaac LePes",
	"texture_size": [64, 64],
	"textures": {
		"1": "item/enderdragon/dragon",
		"2": "item/card/2021",
		"3": "item/enderdragon/dragon_nameplate",
		"4": "item/card/front_field",
		"7": "item/card/front_bg",
		"particle": "particle/card/2021"
	},
	"elements": [
		{
			"name": "card",
			"from": [5.5, 0, 8],
			"to": [10.5, 7, 8.01],
			"rotation": {"angle": 0, "axis": "y", "origin": [2.48864, 3.729, 0.22845]},
			"faces": {
				"north": {"uv": [0, 0, 11.25, 15.75], "texture": "#2"},
				"east": {"uv": [11, 0, 12, 15.75], "texture": "#4"},
				"south": {"uv": [0, 0, 11.25, 15.75], "texture": "#4"},
				"west": {"uv": [0, 0, 1, 15.75], "texture": "#4"},
				"up": {"uv": [0, 0, 11.25, 1], "texture": "#4"},
				"down": {"uv": [0, 14.75, 11.25, 15.75], "texture": "#4"}
			}
		},
		{
			"name": "art_bg",
			"from": [6, 2.5, 8.01],
			"to": [10, 6.5, 8.06],
			"rotation": {"angle": 0, "axis": "y", "origin": [2.48864, 3.729, 0.22845]},
			"faces": {
				"east": {"uv": [15, 0, 16, 16], "texture": "#7"},
				"south": {"uv": [0, 0, 16, 16], "texture": "#7"},
				"west": {"uv": [0, 0, 1.042, 16], "texture": "#7"},
				"up": {"uv": [0, 0, 16, 1], "texture": "#7"},
				"down": {"uv": [0, 15, 16, 16], "texture": "#7"}
			}
		},
		{
			"name": "border_bottom",
			"from": [5.5, 0, 8.01],
			"to": [10.5, 0.444, 8.06],
			"rotation": {"angle": 0, "axis": "y", "origin": [2.48864, 3.729, 0.22845]},
			"faces": {
				"east": {"uv": [15.625, 15.625, 16, 16], "texture": "#4"},
				"south": {"uv": [0, 15.625, 16, 16], "texture": "#4"},
				"west": {"uv": [0, 15.625, 0.375, 16], "texture": "#4"},
				"up": {"uv": [0, 15.625, 16, 16], "rotation": 180, "texture": "#4"},
				"down": {"uv": [0, 15.625, 16, 16], "rotation": 180, "texture": "#4"}
			}
		},
		{
			"name": "border_top",
			"from": [5.5, 6.555, 8.01],
			"to": [10.5, 6.999, 8.06],
			"rotation": {"angle": 0, "axis": "y", "origin": [2.48864, 3.729, 0.22845]},
			"faces": {
				"east": {"uv": [11, 0, 12, 1], "texture": "#4"},
				"south": {"uv": [0, 0, 11.25, 1], "texture": "#4"},
				"west": {"uv": [0, 0, 1, 1], "texture": "#4"},
				"up": {"uv": [0, 0, 11.25, 1], "texture": "#4"},
				"down": {"uv": [0, 0, 11.25, 1], "texture": "#4"}
			}
		},
		{
			"name": "border_left",
			"from": [5.5, 0.444, 8.01],
			"to": [5.944, 6.556, 8.06],
			"rotation": {"angle": 0, "axis": "y", "origin": [2.48864, 3.729, 0.22845]},
			"faces": {
				"east": {"uv": [11, 1, 12, 14.75], "texture": "#4"},
				"south": {"uv": [10.25, 1, 11.25, 14.75], "texture": "#4"},
				"west": {"uv": [10, 1, 11, 14.75], "texture": "#4"}
			}
		},
		{
			"name": "border_right",
			"from": [10.056, 0.444, 8.01],
			"to": [10.5, 6.556, 8.06],
			"rotation": {"angle": 0, "axis": "y", "origin": [2.48864, 3.729, 0.22845]},
			"faces": {
				"east": {"uv": [0, 1, 1, 14.75], "texture": "#4"},
				"south": {"uv": [0, 1, 1, 14.75], "texture": "#4"},
				"west": {"uv": [0, 0, 0, 13.75], "texture": "#4"},
				"up": {"uv": [0, 1, 1, 2], "texture": "#4"},
				"down": {"uv": [0, 13.75, 1, 14.75], "texture": "#4"}
			}
		},
		{
			"name": "nameplate",
			"from": [6, 0.55, 8.01],
			"to": [10, 2.35, 8.06],
			"rotation": {"angle": 0, "axis": "y", "origin": [2.48864, 3.729, 0.22845]},
			"faces": {
				"east": {"uv": [15.5, 0, 16, 16], "texture": "#3"},
				"south": {"uv": [0, 0, 16, 16], "texture": "#3"},
				"west": {"uv": [0, 0, 0.69565, 16], "texture": "#3"},
				"up": {"uv": [0, 0, 16, 0.67391], "texture": "#3"},
				"down": {"uv": [0, 15.32609, 16, 16], "texture": "#3"}
			}
		},
		{
			"name": "head",
			"from": [6.51, 2.96333, 8.06],
			"to": [9.51, 5.96333, 10.06],
			"rotation": {"angle": 0, "axis": "y", "origin": [2.48864, 3.729, 0.22845]},
			"faces": {
				"east": {"uv": [9, 2.875, 10, 3.875], "texture": "#1"},
				"south": {"uv": [8, 2.875, 9, 3.875], "texture": "#1"},
				"west": {"uv": [7, 2.875, 8, 3.875], "texture": "#1"},
				"up": {"uv": [9, 2.875, 8, 1.875], "texture": "#1"},
				"down": {"uv": [10, 1.875, 9, 2.875], "texture": "#1"}
			}
		},
		{
			"name": "jaw_top",
			"from": [6.85, 3.9, 10.05],
			"to": [9.18, 4.65, 12.3],
			"rotation": {"angle": 0, "axis": "y", "origin": [0.15, 0.35, -0.025]},
			"faces": {
				"north": {"uv": [12.75, 3.75, 13.5, 4.0625], "texture": "#1"},
				"east": {"uv": [13.5, 3.75, 14.5, 4.0625], "texture": "#1"},
				"south": {"uv": [12, 3.75, 12.75, 4.0625], "texture": "#1"},
				"west": {"uv": [11, 3.75, 12, 4.0625], "texture": "#1"},
				"up": {"uv": [12, 2.75, 12.75, 3.75], "texture": "#1"},
				"down": {"uv": [12.75, 2.75, 13.5, 3.75], "rotation": 180, "texture": "#1"}
			}
		},
		{
			"name": "jaw_bottom",
			"from": [6.85, 2.5, 10.05],
			"to": [9.18, 3.25, 12.3],
			"rotation": {"angle": 22.5, "axis": "x", "origin": [8.18, 3.605, 11.55]},
			"faces": {
				"north": {"uv": [12.75, 5.0625, 13.5, 5.3125], "texture": "#1"},
				"east": {"uv": [13.5, 5.0625, 14.5, 5.3125], "texture": "#1"},
				"south": {"uv": [12, 5.0625, 12.75, 5.3125], "texture": "#1"},
				"west": {"uv": [11, 5.0625, 12, 5.3125], "texture": "#1"},
				"up": {"uv": [12, 4.0625, 12.75, 5.0625], "texture": "#1"},
				"down": {"uv": [12.75, 4.0625, 13.5, 5.0625], "texture": "#1"}
			}
		},
		{
			"name": "nostril_right",
			"from": [7.2, 4.65, 11.3],
			"to": [7.53333, 4.98, 12],
			"faces": {
				"north": {"uv": [7, 0.25, 7.125, 0.375], "texture": "#1"},
				"east": {"uv": [7.125, 0.25, 7.375, 0.375], "texture": "#1"},
				"south": {"uv": [7.625, 0.25, 7.75, 0.375], "texture": "#1"},
				"west": {"uv": [7.375, 0.25, 7.625, 0.375], "texture": "#1"},
				"up": {"uv": [7.25, 0, 7.375, 0.25], "texture": "#1"},
				"down": {"uv": [7.375, 0, 7.5, 0.25], "texture": "#1"}
			}
		},
		{
			"name": "nostril_left",
			"from": [8.45, 4.65, 11.3],
			"to": [8.78333, 4.98, 12],
			"faces": {
				"north": {"uv": [7, 0.25, 7.125, 0.375], "texture": "#1"},
				"east": {"uv": [7.375, 0.25, 7.625, 0.375], "texture": "#1"},
				"south": {"uv": [7.625, 0.25, 7.75, 0.375], "texture": "#1"},
				"west": {"uv": [7.125, 0.25, 7.375, 0.375], "texture": "#1"},
				"up": {"uv": [7.25, 0, 7.375, 0.25], "texture": "#1"},
				"down": {"uv": [7.375, 0, 7.5, 0.25], "texture": "#1"}
			}
		},
		{
			"name": "horn_right",
			"from": [7, 5.95, 8.725],
			"to": [7.33, 6.45, 9.425],
			"faces": {
				"north": {"uv": [0.875, 0.375, 1, 0.625], "texture": "#1"},
				"east": {"uv": [0.5, 0.375, 0.875, 0.625], "texture": "#1"},
				"south": {"uv": [0.375, 0.375, 0.5, 0.625], "texture": "#1"},
				"west": {"uv": [0, 0.375, 0.375, 0.625], "texture": "#1"},
				"up": {"uv": [0.375, 0, 0.5, 0.375], "texture": "#1"},
				"down": {"uv": [0.5, 0, 0.625, 0.375], "texture": "#1"}
			}
		},
		{
			"name": "horn_left",
			"from": [8.75, 5.95, 8.725],
			"to": [9.08, 6.45, 9.425],
			"faces": {
				"north": {"uv": [0.875, 0.375, 1, 0.625], "texture": "#1"},
				"east": {"uv": [0.5, 0.375, 0.875, 0.625], "texture": "#1"},
				"south": {"uv": [0.375, 0.375, 0.5, 0.625], "texture": "#1"},
				"west": {"uv": [0, 0.375, 0.375, 0.625], "texture": "#1"},
				"up": {"uv": [0.375, 0, 0.5, 0.375], "texture": "#1"},
				"down": {"uv": [0.5, 0, 0.625, 0.375], "texture": "#1"}
			}
		}
	],
	"display": {
		"thirdperson_righthand": {
			"translation": [0, 8, 1.75]
		},
		"thirdperson_lefthand": {
			"translation": [0, 8, 1.75]
		},
		"firstperson_righthand": {
			"rotation": [-15, 0, 0],
			"translation": [0, 9, 0]
		},
		"firstperson_lefthand": {
			"rotation": [-15, 0, 0],
			"translation": [0, 9, 0]
		},
		"ground": {
			"translation": [0, 8, 0]
		},
		"gui": {
			"translation": [0.25, 9.9, 0],
			"scale": [2.2, 2.2, 2.2]
		},
		"head": {
			"rotation": [0, -180, 0],
			"translation": [0, 14.75, -6.5],
			"scale": [1.5, 1.5, 1.5]
		},
		"fixed": {
			"rotation": [0, -180, 0],
			"translation": [0, 11.5, -1.75],
			"scale": [2.5, 2.5, 2.5]
		}
	},
	"groups": [
		{
			"name": "base",
			"origin": [15, 10, 15.25],
			"color": 0,
			"children": [
				0,
				1,
				2,
				3,
				4,
				5,
				6,
				{
					"name": "subject",
					"origin": [0, 23, 0],
					"color": 0,
					"children": [7, 8, 9, 10, 11, 12, 13]
				}
			]
		}
	]
}