{
	"credit": "Created by Isaac LePes",
	"texture_size": [64, 64],
	"textures": {
		"1": "item/guardian/guardian_elder",
		"2": "item/card/2021",
		"3": "item/guardian/guardian_elder_nameplate",
		"4": "item/card/front_field",
		"7": "item/card/front_bg",
		"particle": "particle/card/2021"
	},
	"elements": [
		{
			"name": "card",
			"from": [5.5, 0, 8],
			"to": [10.5, 7, 8.01],
			"rotation": {"angle": 0, "axis": "y", "origin": [2.48864, 3.729, 0.22845]},
			"faces": {
				"north": {"uv": [0, 0, 11.25, 15.75], "texture": "#2"},
				"east": {"uv": [11, 0, 12, 15.75], "texture": "#4"},
				"south": {"uv": [0, 0, 11.25, 15.75], "texture": "#4"},
				"west": {"uv": [0, 0, 1, 15.75], "texture": "#4"},
				"up": {"uv": [0, 0, 11.25, 1], "texture": "#4"},
				"down": {"uv": [0, 14.75, 11.25, 15.75], "texture": "#4"}
			}
		},
		{
			"name": "art_bg",
			"from": [6, 2.5, 8.01],
			"to": [10, 6.5, 8.06],
			"rotation": {"angle": 0, "axis": "y", "origin": [2.48864, 3.729, 0.22845]},
			"faces": {
				"east": {"uv": [15, 0, 16, 16], "texture": "#7"},
				"south": {"uv": [0, 0, 16, 16], "texture": "#7"},
				"west": {"uv": [0, 0, 1.042, 16], "texture": "#7"},
				"up": {"uv": [0, 0, 16, 1], "texture": "#7"},
				"down": {"uv": [0, 15, 16, 16], "texture": "#7"}
			}
		},
		{
			"name": "border_bottom",
			"from": [5.5, 0, 8.01],
			"to": [10.5, 0.444, 8.06],
			"rotation": {"angle": 0, "axis": "y", "origin": [2.48864, 3.729, 0.22845]},
			"faces": {
				"east": {"uv": [15.625, 15.625, 16, 16], "texture": "#4"},
				"south": {"uv": [0, 15.625, 16, 16], "texture": "#4"},
				"west": {"uv": [0, 15.625, 0.375, 16], "texture": "#4"},
				"up": {"uv": [0, 15.625, 16, 16], "rotation": 180, "texture": "#4"},
				"down": {"uv": [0, 15.625, 16, 16], "rotation": 180, "texture": "#4"}
			}
		},
		{
			"name": "border_top",
			"from": [5.5, 6.555, 8.01],
			"to": [10.5, 6.999, 8.06],
			"rotation": {"angle": 0, "axis": "y", "origin": [2.48864, 3.729, 0.22845]},
			"faces": {
				"east": {"uv": [11, 0, 12, 1], "texture": "#4"},
				"south": {"uv": [0, 0, 11.25, 1], "texture": "#4"},
				"west": {"uv": [0, 0, 1, 1], "texture": "#4"},
				"up": {"uv": [0, 0, 11.25, 1], "texture": "#4"},
				"down": {"uv": [0, 0, 11.25, 1], "texture": "#4"}
			}
		},
		{
			"name": "border_left",
			"from": [5.5, 0.444, 8.01],
			"to": [5.944, 6.556, 8.06],
			"rotation": {"angle": 0, "axis": "y", "origin": [2.48864, 3.729, 0.22845]},
			"faces": {
				"east": {"uv": [11, 1, 12, 14.75], "texture": "#4"},
				"south": {"uv": [10.25, 1, 11.25, 14.75], "texture": "#4"},
				"west": {"uv": [10, 1, 11, 14.75], "texture": "#4"}
			}
		},
		{
			"name": "border_right",
			"from": [10.056, 0.444, 8.01],
			"to": [10.5, 6.556, 8.06],
			"rotation": {"angle": 0, "axis": "y", "origin": [2.48864, 3.729, 0.22845]},
			"faces": {
				"east": {"uv": [0, 1, 1, 14.75], "texture": "#4"},
				"south": {"uv": [0, 1, 1, 14.75], "texture": "#4"},
				"west": {"uv": [0, 0, 0, 13.75], "texture": "#4"},
				"up": {"uv": [0, 1, 1, 2], "texture": "#4"},
				"down": {"uv": [0, 13.75, 1, 14.75], "texture": "#4"}
			}
		},
		{
			"name": "nameplate",
			"from": [6, 0.55, 8.01],
			"to": [10, 2.35, 8.06],
			"rotation": {"angle": 0, "axis": "y", "origin": [2.48864, 3.729, 0.22845]},
			"faces": {
				"east": {"uv": [15.5, 0, 16, 16], "texture": "#3"},
				"south": {"uv": [0, 0, 16, 16], "texture": "#3"},
				"west": {"uv": [0, 0, 0.69565, 16], "texture": "#3"},
				"up": {"uv": [0, 0, 16, 0.67391], "texture": "#3"},
				"down": {"uv": [0, 15.32609, 16, 16], "texture": "#3"}
			}
		},
		{
			"name": "head",
			"from": [6.51, 2.98833, 8.06],
			"to": [9.51, 5.98833, 9.06],
			"rotation": {"angle": 0, "axis": "y", "origin": [8.01, 4.48833, 8.56]},
			"faces": {
				"east": {"uv": [7, 4, 7.5, 7], "texture": "#1"},
				"south": {"uv": [4, 4, 7, 7], "texture": "#1"},
				"west": {"uv": [3.5, 4, 4, 7], "texture": "#1"},
				"up": {"uv": [7, 4, 4, 3.5], "rotation": 180, "texture": "#1"},
				"down": {"uv": [10, 3.5, 7, 4], "texture": "#1"}
			}
		},
		{
			"name": "eye",
			"from": [7.76, 4.23833, 9.06],
			"to": [8.26, 4.73833, 9.11],
			"rotation": {"angle": 0, "axis": "y", "origin": [8.01, 4.48833, 8.56]},
			"faces": {
				"east": {"uv": [2.75, 0.25, 3, 0.75], "texture": "#1"},
				"south": {"uv": [2.25, 0.25, 2.75, 0.75], "texture": "#1"},
				"west": {"uv": [2, 0.25, 2.25, 0.75], "texture": "#1"},
				"up": {"uv": [2.75, 0.25, 2.25, 0], "rotation": 180, "texture": "#1"},
				"down": {"uv": [3.25, 0, 2.75, 0.25], "texture": "#1"}
			}
		},
		{
			"name": "spike_top",
			"from": [7.625, 5.725, 8.45],
			"to": [8.285, 6.385, 9.11],
			"rotation": {"angle": 45, "axis": "x", "origin": [7.955, 6.305, 8.78]},
			"faces": {
				"north": {"uv": [1.5, 0.5, 2, 1], "texture": "#1"},
				"east": {"uv": [1, 0.5, 1.5, 1], "texture": "#1"},
				"south": {"uv": [0.5, 0.5, 1, 1], "texture": "#1"},
				"west": {"uv": [0, 0.5, 0.5, 1], "texture": "#1"},
				"up": {"uv": [0.5, 0, 1, 0.5], "texture": "#1"},
				"down": {"uv": [1, 0, 1.5, 0.5], "texture": "#1"}
			}
		},
		{
			"name": "spike_bottom",
			"from": [7.625, 2.325, 8.125],
			"to": [8.285, 2.985, 8.785],
			"rotation": {"angle": 45, "axis": "x", "origin": [7.955, 2.655, 8.78]},
			"faces": {
				"north": {"uv": [1, 0, 1.5, 0.5], "rotation": 180, "texture": "#1"},
				"east": {"uv": [1, 0.5, 1.5, 1], "rotation": 270, "texture": "#1"},
				"south": {"uv": [0.5, 0, 1, 0.5], "texture": "#1"},
				"west": {"uv": [0, 0.5, 0.5, 1], "rotation": 90, "texture": "#1"},
				"up": {"uv": [1.5, 0.5, 2, 1], "rotation": 180, "texture": "#1"},
				"down": {"uv": [0.5, 0.5, 1, 1], "texture": "#1"}
			}
		},
		{
			"name": "spike_left",
			"from": [9.25, 3.975, 8.45],
			"to": [9.91, 4.635, 9.11],
			"rotation": {"angle": -45, "axis": "y", "origin": [9.83, 4.305, 8.78]},
			"faces": {
				"north": {"uv": [1.5, 0.5, 2, 1], "texture": "#1"},
				"east": {"uv": [1, 0.5, 1.5, 1], "texture": "#1"},
				"south": {"uv": [0.5, 0.5, 1, 1], "texture": "#1"},
				"west": {"uv": [0, 0.5, 0.5, 1], "texture": "#1"},
				"up": {"uv": [0.5, 0, 1, 0.5], "texture": "#1"},
				"down": {"uv": [1, 0, 1.5, 0.5], "texture": "#1"}
			}
		},
		{
			"name": "spike_right",
			"from": [6.25, 3.975, 8.45],
			"to": [6.91, 4.635, 9.11],
			"rotation": {"angle": 45, "axis": "y", "origin": [6.205, 4.305, 8.78]},
			"faces": {
				"north": {"uv": [1.5, 0.5, 2, 1], "texture": "#1"},
				"east": {"uv": [1, 0.5, 1.5, 1], "texture": "#1"},
				"south": {"uv": [0.5, 0.5, 1, 1], "texture": "#1"},
				"west": {"uv": [0, 0.5, 0.5, 1], "texture": "#1"},
				"up": {"uv": [0.5, 0, 1, 0.5], "texture": "#1"},
				"down": {"uv": [1, 0, 1.5, 0.5], "texture": "#1"}
			}
		}
	],
	"display": {
		"thirdperson_righthand": {
			"translation": [0, 8, 1.75]
		},
		"thirdperson_lefthand": {
			"translation": [0, 8, 1.75]
		},
		"firstperson_righthand": {
			"rotation": [-15, 0, 0],
			"translation": [0, 9, 0]
		},
		"firstperson_lefthand": {
			"rotation": [-15, 0, 0],
			"translation": [0, 9, 0]
		},
		"ground": {
			"translation": [0, 8, 0]
		},
		"gui": {
			"translation": [0.25, 9.9, 0],
			"scale": [2.2, 2.2, 2.2]
		},
		"head": {
			"rotation": [0, -180, 0],
			"translation": [0, 14.75, -6.5],
			"scale": [1.5, 1.5, 1.5]
		},
		"fixed": {
			"rotation": [0, -180, 0],
			"translation": [0, 11.5, -1.75],
			"scale": [2.5, 2.5, 2.5]
		}
	},
	"groups": [
		{
			"name": "base",
			"origin": [15, 10, 15.25],
			"color": 0,
			"children": [
				0,
				1,
				2,
				3,
				4,
				5,
				6,
				{
					"name": "subject",
					"origin": [0, 23, 0],
					"color": 0,
					"children": [7, 8, 9, 10, 11, 12]
				}
			]
		}
	]
}