{
	"credit": "Created by Isaac LePes",
	"texture_size": [64, 128],
	"textures": {
		"2": "item/card/2021",
		"4": "item/card/front_field",
		"5": "item/witch/witch",
		"6": "item/witch/witch_nameplate",
		"7": "item/card/front_bg",
		"particle": "particle/card/2021"
	},
	"elements": [
		{
			"name": "card",
			"from": [5.5, 0, 8],
			"to": [10.5, 7, 8.01],
			"rotation": {"angle": 0, "axis": "y", "origin": [2.48864, 3.729, 0.22845]},
			"faces": {
				"north": {"uv": [0, 0, 11.25, 15.75], "texture": "#2"},
				"east": {"uv": [11, 0, 12, 15.75], "texture": "#4"},
				"south": {"uv": [0, 0, 11.25, 15.75], "texture": "#4"},
				"west": {"uv": [0, 0, 1, 15.75], "texture": "#4"},
				"up": {"uv": [0, 0, 11.25, 1], "texture": "#4"},
				"down": {"uv": [0, 14.75, 11.25, 15.75], "texture": "#4"}
			}
		},
		{
			"name": "art_bg",
			"from": [6, 2.5, 8.01],
			"to": [10, 6.5, 8.06],
			"rotation": {"angle": 0, "axis": "y", "origin": [2.48864, 3.729, 0.22845]},
			"faces": {
				"east": {"uv": [15, 0, 16, 16], "texture": "#7"},
				"south": {"uv": [0, 0, 16, 16], "texture": "#7"},
				"west": {"uv": [0, 0, 1.042, 16], "texture": "#7"},
				"up": {"uv": [0, 0, 16, 1], "texture": "#7"},
				"down": {"uv": [0, 15, 16, 16], "texture": "#7"}
			}
		},
		{
			"name": "border_bottom",
			"from": [5.5, 0, 8.01],
			"to": [10.5, 0.444, 8.06],
			"rotation": {"angle": 0, "axis": "y", "origin": [2.48864, 3.729, 0.22845]},
			"faces": {
				"east": {"uv": [15.625, 15.625, 16, 16], "texture": "#4"},
				"south": {"uv": [0, 15.625, 16, 16], "texture": "#4"},
				"west": {"uv": [0, 15.625, 0.375, 16], "texture": "#4"},
				"up": {"uv": [0, 15.625, 16, 16], "rotation": 180, "texture": "#4"},
				"down": {"uv": [0, 15.625, 16, 16], "rotation": 180, "texture": "#4"}
			}
		},
		{
			"name": "border_top",
			"from": [5.5, 6.555, 8.01],
			"to": [10.5, 6.999, 8.06],
			"rotation": {"angle": 0, "axis": "y", "origin": [2.48864, 3.729, 0.22845]},
			"faces": {
				"east": {"uv": [11, 0, 12, 1], "texture": "#4"},
				"south": {"uv": [0, 0, 11.25, 1], "texture": "#4"},
				"west": {"uv": [0, 0, 1, 1], "texture": "#4"},
				"up": {"uv": [0, 0, 11.25, 1], "texture": "#4"},
				"down": {"uv": [0, 0, 11.25, 1], "texture": "#4"}
			}
		},
		{
			"name": "border_left",
			"from": [5.5, 0.444, 8.01],
			"to": [5.944, 6.556, 8.06],
			"rotation": {"angle": 0, "axis": "y", "origin": [2.48864, 3.729, 0.22845]},
			"faces": {
				"east": {"uv": [11, 1, 12, 14.75], "texture": "#4"},
				"south": {"uv": [10.25, 1, 11.25, 14.75], "texture": "#4"},
				"west": {"uv": [10, 1, 11, 14.75], "texture": "#4"}
			}
		},
		{
			"name": "border_right",
			"from": [10.056, 0.444, 8.01],
			"to": [10.5, 6.556, 8.06],
			"rotation": {"angle": 0, "axis": "y", "origin": [2.48864, 3.729, 0.22845]},
			"faces": {
				"east": {"uv": [0, 1, 1, 14.75], "texture": "#4"},
				"south": {"uv": [0, 1, 1, 14.75], "texture": "#4"},
				"west": {"uv": [0, 0, 0, 13.75], "texture": "#4"},
				"up": {"uv": [0, 1, 1, 2], "texture": "#4"},
				"down": {"uv": [0, 13.75, 1, 14.75], "texture": "#4"}
			}
		},
		{
			"name": "nameplate",
			"from": [6, 0.55, 8.01],
			"to": [10, 2.35, 8.06],
			"rotation": {"angle": 0, "axis": "y", "origin": [2.48864, 3.729, 0.22845]},
			"faces": {
				"east": {"uv": [15.5, 0, 16, 16], "texture": "#6"},
				"south": {"uv": [0, 0, 16, 16], "texture": "#6"},
				"west": {"uv": [0, 0, 0.69565, 16], "texture": "#6"},
				"up": {"uv": [0, 0, 16, 0.67391], "texture": "#6"},
				"down": {"uv": [0, 15.32609, 16, 16], "texture": "#6"}
			}
		},
		{
			"name": "head",
			"from": [6.675, 3.37478, 8.0432],
			"to": [9.175, 6.37478, 9.0432],
			"rotation": {"angle": 0, "axis": "y", "origin": [8.09333, 3.92978, 9.12653]},
			"faces": {
				"east": {"uv": [4, 1, 4.75, 2.25], "texture": "#5"},
				"south": {"uv": [2, 1, 4, 2.25], "texture": "#5"},
				"west": {"uv": [1.25, 1, 2, 2.25], "texture": "#5"},
				"up": {"uv": [2, 0.625, 4, 1], "texture": "#5"},
				"down": {"uv": [4, 0, 6, 0.375], "texture": "#5"}
			}
		},
		{
			"name": "hat_bottom",
			"from": [6.35, 5.89978, 8.0432],
			"to": [9.45, 6.55978, 9.3732],
			"rotation": {"angle": 0, "axis": "y", "origin": [7.9, 6.22978, 8.7082]},
			"faces": {
				"north": {"uv": [7.5, 9.25, 10, 9.5], "texture": "#5"},
				"east": {"uv": [5, 9.25, 6.25, 9.5], "texture": "#5"},
				"south": {"uv": [2.5, 9.25, 5, 9.5], "texture": "#5"},
				"west": {"uv": [1.25, 9.25, 2.5, 9.5], "texture": "#5"},
				"up": {"uv": [2.5, 8.625, 5, 9.25], "texture": "#5"},
				"down": {"uv": [5, 8, 7.5, 8.625], "texture": "#5"}
			}
		},
		{
			"name": "hat_middle",
			"from": [6.625, 6.44978, 8.0682],
			"to": [9.125, 7.44978, 9.0682],
			"rotation": {"angle": 0, "axis": "z", "origin": [7.875, 6.94978, 8.5682]},
			"faces": {
				"north": {"uv": [4.75, 10.375, 7, 10.875], "texture": "#5"},
				"east": {"uv": [3.5, 10.375, 4.75, 10.875], "texture": "#5"},
				"south": {"uv": [1.75, 10.375, 3.5, 10.875], "texture": "#5"},
				"west": {"uv": [0.5, 10.375, 1.75, 10.875], "texture": "#5"},
				"up": {"uv": [1.75, 10, 3.5, 10.375], "texture": "#5"},
				"down": {"uv": [3.5, 9.5, 5.25, 10], "texture": "#5"}
			}
		},
		{
			"name": "hat_top",
			"from": [7.1, 7.42478, 8.0682],
			"to": [8.6, 8.42478, 8.7282],
			"rotation": {"angle": 0, "axis": "z", "origin": [7.85, 7.84978, 8.3982]},
			"faces": {
				"north": {"uv": [3, 11.375, 4, 11.875], "texture": "#5"},
				"east": {"uv": [2, 11.375, 3, 11.875], "texture": "#5"},
				"south": {"uv": [1, 11.375, 2, 11.875], "texture": "#5"},
				"west": {"uv": [0, 11.375, 1, 11.875], "texture": "#5"},
				"up": {"uv": [1, 11.125, 2, 11.375], "texture": "#5"},
				"down": {"uv": [2, 10.875, 3, 11.375], "texture": "#5"}
			}
		},
		{
			"name": "hat_point",
			"from": [7.725, 8.34978, 8.0682],
			"to": [8.055, 9.00978, 8.3982],
			"rotation": {"angle": -22.5, "axis": "z", "origin": [7.865, 8.62978, 8.2332]},
			"faces": {
				"north": {"uv": [0.75, 12, 1, 12.25], "texture": "#5"},
				"east": {"uv": [0.5, 12, 0.75, 12.25], "texture": "#5"},
				"south": {"uv": [0.25, 12, 0.5, 12.25], "texture": "#5"},
				"west": {"uv": [0, 12, 0.25, 12.25], "texture": "#5"},
				"up": {"uv": [0.25, 11.875, 0.5, 12], "texture": "#5"},
				"down": {"uv": [0.5, 11.875, 0.75, 12], "texture": "#5"}
			}
		},
		{
			"name": "nose",
			"from": [7.6, 2.94978, 9.0432],
			"to": [8.26, 4.27978, 9.5432],
			"rotation": {"angle": 0, "axis": "y", "origin": [8.09333, 3.92978, 9.12653]},
			"faces": {
				"east": {"uv": [7, 0.25, 7.5, 0.75], "texture": "#5"},
				"south": {"uv": [6.5, 0.25, 7, 0.75], "texture": "#5"},
				"west": {"uv": [6, 0.25, 6.5, 0.75], "texture": "#5"},
				"up": {"uv": [6.5, 0, 7, 0.25], "texture": "#5"},
				"down": {"uv": [7, 0, 7.5, 0.25], "texture": "#5"}
			}
		},
		{
			"name": "wart",
			"from": [8.05, 3.22478, 9.4182],
			"to": [8.2, 3.37478, 9.6682],
			"rotation": {"angle": 0, "axis": "y", "origin": [8.09333, 3.92978, 9.12653]},
			"faces": {
				"east": {"uv": [0.5, 0.125, 0.75, 0.25], "texture": "#5"},
				"south": {"uv": [0.25, 0.125, 0.5, 0.25], "texture": "#5"},
				"west": {"uv": [0, 0.125, 0.25, 0.25], "texture": "#5"},
				"up": {"uv": [0.25, 0, 0.5, 0.125], "texture": "#5"},
				"down": {"uv": [0.5, 0, 0.75, 0.125], "texture": "#5"}
			}
		}
	],
	"display": {
		"thirdperson_righthand": {
			"translation": [0, 8, 1.75]
		},
		"thirdperson_lefthand": {
			"translation": [0, 8, 1.75]
		},
		"firstperson_righthand": {
			"rotation": [-15, 0, 0],
			"translation": [0, 9, 0]
		},
		"firstperson_lefthand": {
			"rotation": [-15, 0, 0],
			"translation": [0, 9, 0]
		},
		"ground": {
			"translation": [0, 8, 0]
		},
		"gui": {
			"translation": [0.25, 9.9, 0],
			"scale": [2.2, 2.2, 2.2]
		},
		"head": {
			"rotation": [0, -180, 0],
			"translation": [0, 14.75, -6.5],
			"scale": [1.5, 1.5, 1.5]
		},
		"fixed": {
			"rotation": [0, -180, 0],
			"translation": [0, 11.5, -1.75],
			"scale": [2.5, 2.5, 2.5]
		}
	},
	"groups": [
		{
			"name": "base",
			"origin": [15, 10, 15.25],
			"color": 0,
			"children": [
				0,
				1,
				2,
				3,
				4,
				5,
				6,
				{
					"name": "subject",
					"origin": [0, 23, 0],
					"color": 0,
					"children": [7, 8, 9, 10, 11, 12, 13]
				}
			]
		}
	]
}