{
	"credit": "Created by Isaac LePes",
	"texture_size": [32, 32],
	"textures": {
		"2": "item/card/2020",
		"4": "item/card/front_field",
		"5": "item/pufferfish/pufferfish",
		"6": "item/pufferfish/pufferfish_nameplate",
		"7": "item/card/front_bg",
		"particle": "particle/card/2020"
	},
	"elements": [
		{
			"name": "card",
			"from": [5.5, 0, 8],
			"to": [10.5, 7, 8.01],
			"rotation": {"angle": 0, "axis": "y", "origin": [2.48864, 3.729, 0.22845]},
			"faces": {
				"north": {"uv": [0, 0, 11.25, 15.75], "texture": "#2"},
				"east": {"uv": [11, 0, 12, 15.75], "texture": "#4"},
				"south": {"uv": [0, 0, 11.25, 15.75], "texture": "#4"},
				"west": {"uv": [0, 0, 1, 15.75], "texture": "#4"},
				"up": {"uv": [0, 0, 11.25, 1], "texture": "#4"},
				"down": {"uv": [0, 14.75, 11.25, 15.75], "texture": "#4"}
			}
		},
		{
			"name": "art_bg",
			"from": [6, 2.5, 8.01],
			"to": [10, 6.5, 8.06],
			"rotation": {"angle": 0, "axis": "y", "origin": [2.48864, 3.729, 0.22845]},
			"faces": {
				"east": {"uv": [15, 0, 16, 16], "texture": "#7"},
				"south": {"uv": [0, 0, 16, 16], "texture": "#7"},
				"west": {"uv": [0, 0, 1.042, 16], "texture": "#7"},
				"up": {"uv": [0, 0, 16, 1], "texture": "#7"},
				"down": {"uv": [0, 15, 16, 16], "texture": "#7"}
			}
		},
		{
			"name": "border_bottom",
			"from": [5.5, 0, 8.01],
			"to": [10.5, 0.444, 8.06],
			"rotation": {"angle": 0, "axis": "y", "origin": [2.48864, 3.729, 0.22845]},
			"faces": {
				"east": {"uv": [15.625, 15.625, 16, 16], "texture": "#4"},
				"south": {"uv": [0, 15.625, 16, 16], "texture": "#4"},
				"west": {"uv": [0, 15.625, 0.375, 16], "texture": "#4"},
				"up": {"uv": [0, 15.625, 16, 16], "rotation": 180, "texture": "#4"},
				"down": {"uv": [0, 15.625, 16, 16], "rotation": 180, "texture": "#4"}
			}
		},
		{
			"name": "border_top",
			"from": [5.5, 6.555, 8.01],
			"to": [10.5, 6.999, 8.06],
			"rotation": {"angle": 0, "axis": "y", "origin": [2.48864, 3.729, 0.22845]},
			"faces": {
				"east": {"uv": [11, 0, 12, 1], "texture": "#4"},
				"south": {"uv": [0, 0, 11.25, 1], "texture": "#4"},
				"west": {"uv": [0, 0, 1, 1], "texture": "#4"},
				"up": {"uv": [0, 0, 11.25, 1], "texture": "#4"},
				"down": {"uv": [0, 0, 11.25, 1], "texture": "#4"}
			}
		},
		{
			"name": "border_left",
			"from": [5.5, 0.444, 8.01],
			"to": [5.944, 6.556, 8.06],
			"rotation": {"angle": 0, "axis": "y", "origin": [2.48864, 3.729, 0.22845]},
			"faces": {
				"east": {"uv": [11, 1, 12, 14.75], "texture": "#4"},
				"south": {"uv": [10.25, 1, 11.25, 14.75], "texture": "#4"},
				"west": {"uv": [10, 1, 11, 14.75], "texture": "#4"}
			}
		},
		{
			"name": "border_right",
			"from": [10.056, 0.444, 8.01],
			"to": [10.5, 6.556, 8.06],
			"rotation": {"angle": 0, "axis": "y", "origin": [2.48864, 3.729, 0.22845]},
			"faces": {
				"east": {"uv": [0, 1, 1, 14.75], "texture": "#4"},
				"south": {"uv": [0, 1, 1, 14.75], "texture": "#4"},
				"west": {"uv": [0, 0, 0, 13.75], "texture": "#4"},
				"up": {"uv": [0, 1, 1, 2], "texture": "#4"},
				"down": {"uv": [0, 13.75, 1, 14.75], "texture": "#4"}
			}
		},
		{
			"name": "nameplate",
			"from": [6, 0.55, 8.01],
			"to": [10, 2.35, 8.06],
			"rotation": {"angle": 0, "axis": "y", "origin": [2.48864, 3.729, 0.22845]},
			"faces": {
				"east": {"uv": [15.5, 0, 16, 16], "texture": "#6"},
				"south": {"uv": [0, 0, 16, 16], "texture": "#6"},
				"west": {"uv": [0, 0, 0.69565, 16], "texture": "#6"},
				"up": {"uv": [0, 0, 16, 0.67391], "texture": "#6"},
				"down": {"uv": [0, 15.32609, 16, 16], "texture": "#6"}
			}
		},
		{
			"name": "body",
			"from": [6.5, 3, 8.05],
			"to": [9.5, 6, 9.05],
			"rotation": {"angle": 0, "axis": "y", "origin": [8.2, 0, 10.55]},
			"faces": {
				"east": {"uv": [8, 4, 9.5, 8], "texture": "#5"},
				"south": {"uv": [4, 4, 8, 8], "texture": "#5"},
				"west": {"uv": [2.5, 4, 4, 8], "texture": "#5"},
				"up": {"uv": [4, 2.5, 8, 4], "texture": "#5"},
				"down": {"uv": [8, 0, 12, 1.5], "texture": "#5"}
			}
		},
		{
			"name": "spikes_top",
			"from": [6.5, 6, 8.525],
			"to": [9.5, 7, 9.525],
			"rotation": {"angle": 45, "axis": "x", "origin": [8, 6.5, 9.025]},
			"faces": {
				"south": {"uv": [8, 8.5, 11.5, 9], "texture": "#5"}
			}
		},
		{
			"name": "spikes_bottom",
			"from": [6.5, 2, 8.525],
			"to": [9.5, 3, 9.525],
			"rotation": {"angle": -45, "axis": "x", "origin": [8, 2.5, 9.025]},
			"faces": {
				"south": {"uv": [8, 10, 11.5, 10.5], "texture": "#5"}
			}
		},
		{
			"name": "spikes_left",
			"from": [9.5, 3, 8.55],
			"to": [10.5, 6, 9.55],
			"rotation": {"angle": -45, "axis": "y", "origin": [10, 4.5, 9.05]},
			"faces": {
				"south": {"uv": [0.5, 8.5, 1, 12], "texture": "#5"}
			}
		},
		{
			"name": "spikes_right",
			"from": [5.525, 3, 8.55],
			"to": [6.525, 6, 9.55],
			"rotation": {"angle": 45, "axis": "y", "origin": [6.025, 4.5, 9.05]},
			"faces": {
				"south": {"uv": [2.5, 8.5, 3, 12], "texture": "#5"}
			}
		},
		{
			"name": "fin_left",
			"from": [9.5, 5.6, 8.06],
			"to": [10.16, 5.6, 8.72],
			"rotation": {"angle": 0, "axis": "y", "origin": [11.7, 6, 11.06]},
			"faces": {
				"north": {"uv": [13, 1.5, 14, 2.5], "texture": "#5"},
				"east": {"uv": [13, 1.5, 14, 2.5], "texture": "#5"},
				"south": {"uv": [13, 1.5, 14, 2.5], "texture": "#5"},
				"west": {"uv": [13, 1.5, 14, 2.5], "texture": "#5"},
				"up": {"uv": [13, 1.5, 14, 2.5], "texture": "#5"},
				"down": {"uv": [13, 1.5, 14, 2.5], "texture": "#5"}
			}
		},
		{
			"name": "fin_right",
			"from": [5.85, 5.6, 8.05],
			"to": [6.51, 5.6, 8.71],
			"rotation": {"angle": 0, "axis": "y", "origin": [4.7, 6, 11.05]},
			"faces": {
				"north": {"uv": [13, 0, 14, 1], "texture": "#5"},
				"east": {"uv": [13, 0, 14, 1], "texture": "#5"},
				"south": {"uv": [13, 0, 14, 1], "texture": "#5"},
				"west": {"uv": [13, 0, 14, 1], "texture": "#5"},
				"up": {"uv": [13, 0, 14, 1], "texture": "#5"},
				"down": {"uv": [13, 0, 14, 1], "texture": "#5"}
			}
		}
	],
	"display": {
		"thirdperson_righthand": {
			"translation": [0, 8, 1.75]
		},
		"thirdperson_lefthand": {
			"translation": [0, 8, 1.75]
		},
		"firstperson_righthand": {
			"rotation": [-15, 0, 0],
			"translation": [0, 9, 0]
		},
		"firstperson_lefthand": {
			"rotation": [-15, 0, 0],
			"translation": [0, 9, 0]
		},
		"ground": {
			"translation": [0, 8, 0]
		},
		"gui": {
			"translation": [0.25, 9.9, 0],
			"scale": [2.2, 2.2, 2.2]
		},
		"head": {
			"rotation": [0, -180, 0],
			"translation": [0, 14.75, -6.5],
			"scale": [1.5, 1.5, 1.5]
		},
		"fixed": {
			"rotation": [0, -180, 0],
			"translation": [0, 11.5, -1.75],
			"scale": [2.5, 2.5, 2.5]
		}
	},
	"groups": [
		{
			"name": "base",
			"origin": [15, 10, 15.25],
			"color": 0,
			"nbt": "{}",
			"armAnimationEnabled": false,
			"children": [
				0,
				1,
				2,
				3,
				4,
				5,
				6,
				{
					"name": "subject",
					"origin": [0, 23, 0],
					"color": 0,
					"nbt": "{}",
					"armAnimationEnabled": false,
					"children": [7, 8, 9, 10, 11, 12, 13]
				}
			]
		}
	]
}