{
	"credit": "Made with Blockbench",
	"texture_size": [64, 128],
	"textures": {
		"0": "item/witch/witch",
		"particle": "item/witch/witch"
	},
	"elements": [
		{
			"from": [3, 0, 5],
			"to": [13, 3, 11],
			"faces": {
				"north": {"uv": [0, 10.375, 1, 10.875], "texture": "#0"},
				"east": {"uv": [5.25, 10.375, 7, 10.875], "texture": "#0"},
				"south": {"uv": [0, 10.375, 1, 10.875], "texture": "#0"},
				"west": {"uv": [5.25, 10.375, 7, 10.875], "texture": "#0"},
				"up": {"uv": [0.75, 10.5, 4.5, 10.875], "texture": "#0"},
				"down": {"uv": [3.5, 9.5, 4, 9.75], "texture": "#0"}
			}
		}
	],
	"display": {
		"thirdperson_righthand": {
			"rotation": [90, 90, 0],
			"translation": [0, 5, 8]
		},
		"thirdperson_lefthand": {
			"rotation": [90, 90, 0],
			"translation": [0, 5, 8]
		},
		"firstperson_righthand": {
			"rotation": [45, 90, 0],
			"translation": [2, 4.75, 0]
		},
		"firstperson_lefthand": {
			"rotation": [45, 90, 0],
			"translation": [2, 4.75, 0]
		},
		"ground": {
			"translation": [0, 16, 0]
		},
		"gui": {
			"rotation": [34, 61, 0],
			"translation": [0, 5.5, 0],
			"scale": [1.5, 1, 1.5]
		},
		"fixed": {
			"rotation": [-90, 0, 0],
			"translation": [0, 0.5, -8],
			"scale": [1.5, 1, 1.5]
		}
	}
}